[{"id":"user-image-vccvv-min.jpg","publicUrl":"np://user.desktop.nicepage.com/Site_162624695/images/vccvv-min.jpg","size":40945,"hash":"W/qDcpZBlPTfxhcfBWWEtaLZKS0=","fileName":"vccvv-min.jpg","name":"vccvv-min","width":1980,"height":1134,"thumbnail":{"url":"np://user.desktop.nicepage.com/Site_162624695/images/thumbnails/vccvv-min.jpg","width":250,"height":143},"originalUrl":"//images01.nicepagecdn.com/c461c07a441a5d220e8feb1a/69f692fba32652d283a62eee/vccvv-min.jpg","usages":["531804834"]},{"id":"user-image-WhatsApp_Image_2023-04-08_at_22.48.44-removebg-preview.png","publicUrl":"np://user.desktop.nicepage.com/Site_162624695/images/WhatsApp_Image_2023-04-08_at_22.48.44-removebg-preview.png","size":110479,"hash":"9ZGByqgjXeWybc049bs627UMwR0=","fileName":"WhatsApp_Image_2023-04-08_at_22.48.44-removebg-preview.png","name":"WhatsApp_Image_2023-04-08_at_22.48.44-removebg-preview","width":324,"height":286,"thumbnail":{"url":"np://user.desktop.nicepage.com/Site_162624695/images/thumbnails/WhatsApp_Image_2023-04-08_at_22.48.44-removebg-preview.png","width":250,"height":221},"usages":["531804834"]},{"id":"user-image-Myproject.png","publicUrl":"np://user.desktop.nicepage.com/Site_162624695/images/Myproject.png","size":648203,"hash":"zxRTDM0duFuI5GNHE2HtmzXIrj0=","fileName":"Myproject.png","name":"Myproject","width":764,"height":1176,"thumbnail":{"url":"np://user.desktop.nicepage.com/Site_162624695/images/thumbnails/Myproject.png","width":162,"height":250},"usages":["531804834"]},{"id":"user-image-Picture1.png","publicUrl":"np://user.desktop.nicepage.com/Site_162624695/images/Picture1.png","size":11591,"hash":"cdV0xDeP5h2VdqjTSbm6aFm7E40=","fileName":"Picture1.png","name":"Picture1","width":140,"height":157,"thumbnail":{"url":"np://user.desktop.nicepage.com/Site_162624695/images/thumbnails/Picture1.png","width":140,"height":157,"length":11591,"type":"png"},"usages":["531804834"]},{"id":"user-image-WhatsApp_Image_2023-04-08_at_23.32.34-removebg-preview.png","publicUrl":"np://user.desktop.nicepage.com/Site_162624695/images/WhatsApp_Image_2023-04-08_at_23.32.34-removebg-preview.png","size":153040,"hash":"VFFokb5TqokBxdv5YbZOW+TaCGU=","fileName":"WhatsApp_Image_2023-04-08_at_23.32.34-removebg-preview.png","name":"WhatsApp_Image_2023-04-08_at_23.32.34-removebg-preview","width":612,"height":408,"thumbnail":{"url":"np://user.desktop.nicepage.com/Site_162624695/images/thumbnails/WhatsApp_Image_2023-04-08_at_23.32.34-removebg-preview.png","width":250,"height":167},"usages":["531804834"]},{"id":"user-image-WhatsApp_Image_2023-04-08_at_23.35.41-removebg-preview.png","publicUrl":"np://user.desktop.nicepage.com/Site_162624695/images/WhatsApp_Image_2023-04-08_at_23.35.41-removebg-preview.png","size":90598,"hash":"Q/3k3qevX0Yvnm8bT08+260kaQQ=","fileName":"WhatsApp_Image_2023-04-08_at_23.35.41-removebg-preview.png","name":"WhatsApp_Image_2023-04-08_at_23.35.41-removebg-preview","width":612,"height":408,"thumbnail":{"url":"np://user.desktop.nicepage.com/Site_162624695/images/thumbnails/WhatsApp_Image_2023-04-08_at_23.35.41-removebg-preview.png","width":250,"height":167},"usages":["531804834"]},{"id":"user-image-WhatsApp_Image_2023-04-08_at_23.45.14-removebg-preview.png","publicUrl":"np://user.desktop.nicepage.com/Site_162624695/images/WhatsApp_Image_2023-04-08_at_23.45.14-removebg-preview.png","size":185578,"hash":"pLBxB0yssSQd88GVD8S/AG3b9rc=","fileName":"WhatsApp_Image_2023-04-08_at_23.45.14-removebg-preview.png","name":"WhatsApp_Image_2023-04-08_at_23.45.14-removebg-preview","width":460,"height":543,"thumbnail":{"url":"np://user.desktop.nicepage.com/Site_162624695/images/thumbnails/WhatsApp_Image_2023-04-08_at_23.45.14-removebg-preview.png","width":212,"height":250},"usages":["531804834"]}]